Date,Open,High,Low,Close,Adj Close,Volume
2016/4/1,20786.17969,20786.17969,20455.41016,20498.91992,20498.91992,1633594800
2016/4/5,20311.85938,20311.85938,20116.86914,20177,20177,1876707600
2016/4/6,20100,20249.83984,20100,20206.66992,20206.66992,1338272400
2016/4/7,20297.82031,20370.51953,20165.75977,20266.05078,20266.05078,1493940300
2016/4/8,20061.59961,20370.43945,20045.4707,20370.40039,20370.40039,1435612200
2016/4/11,20255.83984,20550.94922,20240.68945,20440.81055,20440.81055,1234203400
2016/4/12,20440.7207,20546.42969,20407.82031,20504.43945,20504.43945,997121600
2016/4/13,20739.33984,21171.28906,20716.91016,21158.71094,21158.71094,2500342000
2016/4/14,21456.60938,21511.08008,21266.21094,21337.81055,21337.81055,2054279800
2016/4/15,21374.65039,21423.06055,21234.11914,21316.4707,21316.4707,1413648900
2016/4/18,21129.67969,21172,21002.76953,21161.5,21161.5,1426843200
2016/4/19,21438.13086,21459.03906,21259.16992,21436.21094,21436.21094,1462091100
2016/4/20,21452.82031,21452.82031,21103.33984,21236.31055,21236.31055,1716745500
2016/4/21,21406.40039,21634.74023,21331.58984,21622.25,21622.25,1709117500
2016/4/22,21448.15039,21495.78906,21358.5293,21467.03906,21467.03906,1282700700
2016/4/25,21408.56055,21430.57031,21254.46094,21304.43945,21304.43945,1199972500
2016/4/26,21380.01953,21419.91992,21080.88086,21407.26953,21407.26953,1346786700
2016/4/27,21372.33008,21442.50977,21277.03906,21361.59961,21361.59961,1247249600
2016/4/28,21488.96094,21654.07031,21255.41992,21388.0293,21388.0293,1684154400
2016/4/29,21215.19922,21235.39063,21023.76953,21067.05078,21067.05078,1603138400
2016/5/3,21061.76953,21061.76953,20668.36914,20676.93945,20676.93945,1707676300
2016/5/4,20556.5,20580.38086,20411.41016,20525.83008,20525.83008,1555895400
2016/5/5,20363.85938,20534.75977,20342.75,20449.82031,20449.82031,1354977100
2016/5/6,20357.44922,20377.93945,20058.76953,20109.86914,20109.86914,1725801800
2016/5/9,20279.90039,20303.18945,20125.7793,20156.81055,20156.81055,1323285400
2016/5/10,19962.42969,20294.46094,19962.42969,20242.67969,20242.67969,1446925800
2016/5/11,20347.75977,20347.75977,20008.91992,20055.28906,20055.28906,1337926500
2016/5/12,20100.5,20100.5,19863.61914,19915.46094,19915.46094,1150409200
2016/5/13,19843.49023,19881.91016,19594.60938,19719.28906,19719.28906,1758498600
2016/5/16,19711.76953,19998.75977,19705.91016,19883.94922,19883.94922,1486067400
2016/5/17,19987.24023,20145.76953,19847.69922,20118.80078,20118.80078,1568659300
2016/5/18,19862.41992,19923.83008,19749.28906,19826.41016,19826.41016,1351584400
2016/5/19,19729.63086,19793.46094,19646.34961,19694.33008,19694.33008,1148089000
2016/5/20,19631.71094,19954.33008,19631.71094,19852.19922,19852.19922,1247729300
2016/5/23,19788.13086,19955.0293,19750.61914,19809.0293,19809.0293,1086593700
2016/5/24,19828.01953,19870.16016,19712.66992,19830.42969,19830.42969,1174095900
2016/5/25,20156.75977,20379.66016,20156.75977,20368.05078,20368.05078,2040761100
2016/5/26,20373.48047,20404.73047,20249.96094,20397.10938,20397.10938,1347013200
2016/5/27,20425,20620.15039,20290.83984,20576.76953,20576.76953,1611353900
2016/5/30,20523.66992,20765.60938,20465.83984,20629.39063,20629.39063,1793022100
2016/5/31,20617.33008,20974.71094,20617.33008,20815.08984,20815.08984,3129577700
2016/6/1,20726.5293,20898.44922,20713.28906,20760.98047,20760.98047,1422260700
2016/6/2,20769.81055,20878.21094,20680.65039,20859.2207,20859.2207,1988238300
2016/6/3,20956.08008,21049.19922,20887.78906,20947.24023,20947.24023,1869294300
2016/6/6,20971.13086,21039.86914,20840.94922,21030.2207,21030.2207,1431229200
2016/6/7,21218.96094,21351.33008,21153.67969,21328.24023,21328.24023,1820198000
2016/6/8,21294.26953,21352.36914,21179.94922,21297.88086,21297.88086,1506480000
2016/6/10,21240.08008,21270.61914,21017.98047,21042.64063,21042.64063,1640607200
2016/6/13,20647.50977,20664.58984,20430.81055,20512.99023,20512.99023,2083433200
2016/6/14,20476.75,20537.91992,20358.93945,20387.5293,20387.5293,1498720500
2016/6/15,20161.00977,20553.58008,20161.00977,20467.51953,20467.51953,1729131100
2016/6/16,20284.91016,20297.40039,19964.36914,20038.41992,20038.41992,1901944200
2016/6/17,20244.23047,20282.03906,20090.80078,20169.98047,20169.98047,2193634100
2016/6/20,20425.06055,20551.01953,20288.49023,20510.19922,20510.19922,1565765000
2016/6/21,20522.35938,20681.78906,20516.73047,20668.43945,20668.43945,1608985100
2016/6/22,20553.93945,20841.50977,20515.25,20795.11914,20795.11914,1835867700
2016/6/23,20862.58984,20889.05078,20753.93945,20868.33984,20868.33984,1663934000
2016/6/24,20483.50977,21034.17969,19662.69922,20259.13086,20259.13086,3953268600
2016/6/27,19982.66016,20329.16016,19969.4707,20227.30078,20227.30078,1789673800
2016/6/28,19898.75,20196.19922,19898.75,20172.46094,20172.46094,1919983900
2016/6/29,20217.07031,20456.58008,20217.07031,20436.11914,20436.11914,1566228200
2016/6/30,20736.84961,20828.0293,20614.65039,20794.36914,20794.36914,2032778200
2016/7/4,20967.4707,21166.01953,20840.64063,21059.19922,21059.19922,1838333600
2016/7/5,20919.51953,20945.98047,20737.16016,20750.7207,20750.7207,1225382700
2016/7/6,20475.40039,20560.06055,20304.39063,20495.28906,20495.28906,1633236900
2016/7/7,20606.67969,20731.11914,20576.74023,20706.91992,20706.91992,1125369300
2016/7/8,20622.83008,20645.58984,20468.5293,20564.16992,20564.16992,1194770200
2016/7/11,20951.16992,20972.84961,20840,20880.5,20880.5,1998671500
2016/7/12,21046.93945,21252.64063,20957.25977,21224.74023,21224.74023,1970575300
2016/7/13,21356.64063,21441.23047,21279.76953,21322.36914,21322.36914,1825234400
2016/7/14,21297.53906,21581.41992,21242.92969,21561.06055,21561.06055,1939969500
2016/7/15,21589.08008,21739.21094,21515.34961,21659.25,21659.25,1784843200
2016/7/18,21656.88086,21822,21616.16016,21803.17969,21803.17969,1368767600
2016/7/19,21734.33984,21767.88086,21612.59961,21673.19922,21673.19922,1257334500
2016/7/20,21646.39063,21895.23047,21632.50977,21882.48047,21882.48047,1417286000
2016/7/21,21971.9707,22118.2207,21913.16016,22000.49023,22000.49023,1569756600
2016/7/22,21913.03906,21972.86914,21832.42969,21964.26953,21964.26953,1120997900
2016/7/25,22071.76953,22071.76953,21878.88086,21993.43945,21993.43945,1189962100
2016/7/26,21890.89063,22300.50977,21890.89063,22129.73047,22129.73047,1938257900
2016/7/27,22193.31055,22277.24023,21997.88086,22218.99023,22218.99023,1958434400
2016/7/28,22134.11914,22214.7207,22053.50977,22174.33984,22174.33984,1611124800
2016/7/29,22055.94922,22152.75,21830.46094,21891.36914,21891.36914,1745509100
2016/8/1,22027.65039,22260.94922,22027.65039,22129.14063,22129.14063,1815980500
2016/8/2,null,null,null,null,null,null
2016/8/3,21743.32031,21822.2207,21725.38086,21739.11914,21739.11914,1685374700
2016/8/4,21873.35938,21922.41992,21788.31055,21832.23047,21832.23047,1019501800
2016/8/5,21961.05078,22193.28906,21961.05078,22146.08984,22146.08984,1163973600
2016/8/8,22324.17969,22503.2793,22260.07031,22494.75977,22494.75977,1409047300
2016/8/9,22464.09961,22496.75,22402.91016,22465.60938,22465.60938,1306253700
2016/8/10,22511.09961,22618.03906,22399.28906,22492.42969,22492.42969,1564549200
2016/8/11,22412.31055,22689.93945,22359.91992,22580.55078,22580.55078,2356829800
2016/8/12,22788.88086,22816.75,22704.05078,22766.91016,22766.91016,2316030200
2016/8/15,22765.23047,22975.74023,22765.23047,22932.50977,22932.50977,2496263600
2016/8/16,23008.08984,23084.51953,22841.66016,22910.83984,22910.83984,2005620700
2016/8/17,22995.50977,23029.48047,22775.86914,22799.7793,22799.7793,2081311500
2016/8/18,23046.68945,23193.90039,22976.10938,23023.16016,23023.16016,2328376500
2016/8/19,23153.74023,23153.74023,22875.56055,22937.2207,22937.2207,2095546700
2016/8/22,22941.5293,23005.16016,22792.41992,22997.91016,22997.91016,1720666500
2016/8/23,22927.4707,22998.92969,22854.34961,22998.92969,22998.92969,1521237200
2016/8/24,23010.63086,23036.07031,22702.60938,22820.7793,22820.7793,1770177700
2016/8/25,22814.36914,22898.11914,22735.0293,22814.94922,22814.94922,1580787200
2016/8/26,22827.2207,22997.40039,22827.2207,22909.53906,22909.53906,1600056800
2016/8/29,22904.19922,22922.67969,22762.73047,22821.33984,22821.33984,1262573400
2016/8/30,22945.08008,23073.51953,22898.7793,23016.10938,23016.10938,1586826100
2016/8/31,23043.08008,23063.15039,22939.86914,22976.88086,22976.88086,1874216100
2016/9/1,22897.16016,23193.0293,22843.41992,23162.33984,23162.33984,2106535800
2016/9/2,23157.00977,23306.48047,23152.78906,23266.69922,23266.69922,2510528100
2016/9/5,23576.31055,23688.41016,23530.35938,23649.55078,23649.55078,1915393300
2016/9/6,23683.2793,23787.67969,23548.55078,23787.67969,23787.67969,1830882300
2016/9/7,23785.23047,23830.75,23695.67969,23741.81055,23741.81055,1939676800
2016/9/8,23704.35938,23928.92969,23663.58984,23919.33984,23919.33984,1686733500
2016/9/9,23924.76953,24364,23914.73047,24099.69922,24099.69922,2771690800
2016/9/12,23596.0293,23625.36914,23290.59961,23290.59961,23290.59961,2533454700
2016/9/13,23564.13086,23652.41016,23196.49023,23215.75977,23215.75977,1616669300
2016/9/14,23225.58008,23371.5293,23155.73047,23190.64063,23190.64063,1473727100
2016/9/15,23237.19922,23471.48047,23194.36914,23335.58984,23335.58984,1699911500
2016/9/19,23486.61914,23625.91992,23394.94922,23550.44922,23550.44922,2052783800
2016/9/20,23494.00977,23556.06055,23397.13086,23530.85938,23530.85938,1483540700
2016/9/21,23522.85938,23729.01953,23436.23047,23669.90039,23669.90039,1627369300
2016/9/22,23920.17969,24058.65039,23683.58008,23759.80078,23759.80078,2332001400
2016/9/23,23836.59961,23846.71094,23628.64063,23686.48047,23686.48047,1872873700
2016/9/26,23554.83008,23563.5,23276.13086,23317.91992,23317.91992,1652771300
2016/9/27,23356.0293,23646.0293,23295.05078,23571.90039,23571.90039,1816391200
2016/9/28,23455.73047,23619.65039,23370.43945,23619.65039,23619.65039,1524350900
2016/9/29,23828.59961,23828.59961,23607.99023,23739.4707,23739.4707,1606079200
2016/9/30,23435.28906,23484.36914,23239.35938,23297.15039,23297.15039,1674842700
2016/10/3,23652.83008,23698.30078,23500.71094,23584.42969,23584.42969,953365300
2016/10/4,23665.34961,23689.43945,23518.56055,23689.43945,23689.43945,1008151200
2016/10/5,23619.91016,23847.46094,23566.2207,23788.31055,23788.31055,1304619300
2016/10/6,23859.41016,24004.08984,23826.44922,23952.5,23952.5,1721487000
2016/10/7,23948.94922,23948.94922,23770.14063,23851.82031,23851.82031,1137835500
2016/10/11,24013.83984,24064.5,23441.07031,23549.51953,23549.51953,2157326400
2016/10/12,23386.91992,23444.66992,23267.63086,23407.05078,23407.05078,1839710900
2016/10/13,23300.38086,23347.9707,23006.11914,23031.30078,23031.30078,1957428300
2016/10/14,23119.96094,23318.35938,23087.14063,23233.31055,23233.31055,1500768600
2016/10/17,23164.53906,23177.18945,22978.00977,23037.53906,23037.53906,1121480100
2016/10/18,23130.19922,23402.89063,23130.19922,23394.39063,23394.39063,1423480700
2016/10/19,23393.80078,23445.56055,23234.66992,23304.9707,23304.9707,1009919700
2016/10/20,23412.67969,23500.82031,23360.55078,23374.40039,23374.40039,1091055700
2016/10/21,null,null,null,null,null,null
2016/10/24,23431.63086,23620.08984,23235.60938,23604.08008,23604.08008,1804798700
2016/10/25,23581.68945,23631.33984,23506.64063,23565.10938,23565.10938,1182922100
2016/10/26,23396.14063,23464.0293,23310.23047,23325.42969,23325.42969,1029317700
2016/10/27,23347.18945,23352.61914,23002.5293,23132.34961,23132.34961,1551943100
2016/10/28,23088.83008,23157.73047,22847.73047,22954.81055,22954.81055,1215041700
2016/10/31,22845.82031,23045.5293,22775.28906,22934.53906,22934.53906,1297925200
2016/11/1,23015.06055,23268.05078,23015.06055,23147.07031,23147.07031,1537970700
2016/11/2,22946.06055,22956.84961,22785.34961,22810.5,22810.5,1054518000
2016/11/3,22708.55078,22855.00977,22683.50977,22683.50977,22683.50977,1132688600
2016/11/4,22611.53906,22771.60938,22587.58984,22642.61914,22642.61914,1014413400
2016/11/7,22682.71094,22867.24023,22623.83984,22801.40039,22801.40039,1376889500
2016/11/8,22981.91016,22996.9707,22820.39063,22909.4707,22909.4707,1015231100
2016/11/9,23048.32031,23048.32031,21957.71094,22415.18945,22415.18945,3548427000
2016/11/10,22848.74023,22918.33984,22777.50977,22839.10938,22839.10938,1594983400
2016/11/11,22622.46094,22673.31055,22442.75,22531.08984,22531.08984,2105351100
2016/11/14,22344.23047,22359.00977,22118.86914,22222.2207,22222.2207,1910149300
2016/11/15,22270.90039,22411.11914,22254.08984,22323.91016,22323.91016,1461449900
2016/11/16,22439.98047,22499.39063,22280.5293,22280.5293,22280.5293,1609770500
2016/11/17,22170.07031,22367.4707,22114.01953,22262.88086,22262.88086,1355418500
2016/11/18,22239.23047,22374.35938,22146.88086,22344.21094,22344.21094,1128764800
2016/11/21,22313.03906,22480.75,22227.80078,22357.7793,22357.7793,1370598600
2016/11/22,22491.71094,22719.41992,22484.59961,22678.07031,22678.07031,1851269200
2016/11/23,22702.41016,22804.25977,22640.94922,22676.68945,22676.68945,1764207800
2016/11/24,22574.82031,22647.38086,22487.53906,22608.49023,22608.49023,1138055700
2016/11/25,22609.2207,22764.33984,22589.5293,22723.44922,22723.44922,1385320300
2016/11/28,22738.93945,22964.01953,22738.93945,22830.57031,22830.57031,1816314100
2016/11/29,22739.50977,22868.14063,22724.58984,22737.07031,22737.07031,1695023200
2016/11/30,22842.35938,22889.4707,22755,22789.76953,22789.76953,2062930000
2016/12/1,22948.65039,23012.2793,22837.5293,22878.23047,22878.23047,2119590600
2016/12/2,22736.83984,22756.00977,22559.19922,22564.82031,22564.82031,2479074200
2016/12/5,22580.75,22628.13086,22375.2793,22505.55078,22505.55078,1626049800
2016/12/6,22694.26953,22746.66992,22625.32031,22675.15039,22675.15039,1261679800
2016/12/7,22805.13086,22843.00977,22708.88086,22800.91992,22800.91992,1110472700
2016/12/8,23027.38086,23076.24023,22817.32031,22861.83984,22861.83984,1711745400
2016/12/9,22765.83984,22813.84961,22660.2207,22760.98047,22760.98047,1576021700
2016/12/12,22860.26953,22863.60938,22375.58008,22433.01953,22433.01953,2014527900
2016/12/13,22407.61914,22458.41992,22292.65039,22446.69922,22446.69922,1723223600
2016/12/14,22596.71094,22627.59961,22456.61914,22456.61914,22456.61914,1821093300
2016/12/15,22257.71094,22305.07031,21999.30078,22059.40039,22059.40039,2505720900
2016/12/16,21996.38086,22155.14063,21965.67969,22020.75,22020.75,1899711800
2016/12/19,21945.83984,21955.93945,21786.56055,21832.67969,21832.67969,1328500400
2016/12/20,21767.60938,21873.56055,21667.18945,21729.06055,21729.06055,1297152100
2016/12/21,21770.89063,21910.39063,21755.84961,21809.80078,21809.80078,1206759600
2016/12/22,21800.2207,21822.17969,21594.58008,21636.19922,21636.19922,1434735500
2016/12/23,21553.7793,21601.07031,21491.83008,21574.75977,21574.75977,1775512200
2016/12/28,21562.69922,21811.96094,21488.82031,21754.74023,21754.74023,2173239900
2016/12/29,21591.03906,21810.40039,21587.07031,21790.91016,21790.91016,1875142100
2016/12/30,21818.91016,22069.61914,21818.91016,22000.56055,22000.56055,2396676500
2017/1/3,21993.35938,22189.31055,21883.82031,22150.40039,22150.40039,1302378400
2017/1/4,22201.08008,22228.06055,22076.63086,22134.4707,22134.4707,1437672200
2017/1/5,22302.64063,22483.00977,22230.31055,22456.68945,22456.68945,1830652300
2017/1/6,22583.28906,22605.66016,22445.7793,22503.00977,22503.00977,1389973700
2017/1/9,22561.10938,22626.42969,22476.34961,22558.68945,22558.68945,1303532900
2017/1/10,22561.16992,22744.84961,22549.85938,22744.84961,22744.84961,1422515900
2017/1/11,22816.00977,22944.58008,22767.36914,22935.34961,22935.34961,1554104200
2017/1/12,22956.43945,22971.49023,22751.66992,22829.01953,22829.01953,1454667000
2017/1/13,22879.57031,22971.44922,22859.2793,22937.38086,22937.38086,1371840300
2017/1/16,22895.35938,22908.85938,22657.34961,22718.15039,22718.15039,1313357700
2017/1/17,22819.86914,22867.83984,22710.92969,22840.9707,22840.9707,1019618000
2017/1/18,22889.33008,23151.75,22882.01953,23098.25977,23098.25977,1689344500
2017/1/19,23104.34961,23104.34961,22941.96094,23049.96094,23049.96094,1174126300
2017/1/20,22966.5293,22987.67969,22858.25,22885.91016,22885.91016,1207476100
2017/1/23,22926.30078,23068.08008,22861.28906,22898.51953,22898.51953,1068403800
2017/1/24,22965.25,22986.44922,22907.7793,22949.85938,22949.85938,1462887100
2017/1/25,23066.40039,23066.40039,22961.38086,23049.11914,23049.11914,1185813200
2017/1/26,23173.46094,23386.41016,23145.31055,23374.16992,23374.16992,1856554500
2017/1/27,23339.15039,23397.08984,23307.05078,23360.7793,23360.7793,777897700
2017/2/1,23211.88086,23318.39063,23082.61914,23318.39063,23318.39063,1515037600
2017/2/2,23309.46094,23439.01953,23131.36914,23184.51953,23184.51953,987795900
2017/2/3,23216.9707,23226.91992,22997.46094,23129.21094,23129.21094,1339282100
2017/2/6,23239.28906,23348.24023,23149.69922,23348.24023,23348.24023,1439947300
2017/2/7,23287.89063,23403.59961,23256.68945,23331.57031,23331.57031,1523355600
2017/2/8,23284.75977,23520.76953,23160.99023,23485.13086,23485.13086,2601105500
2017/2/9,23533.51953,23644.63086,23489.65039,23525.14063,23525.14063,2741007400
2017/2/10,23645.90039,23718.4707,23573.84961,23574.98047,23574.98047,2143167300
2017/2/13,23664.5293,23751.91992,23615.39063,23710.98047,23710.98047,1990274600
2017/2/14,23695.28906,23735.10938,23614.4707,23703.00977,23703.00977,1957113500
2017/2/15,23771.94922,24067.61914,23771.94922,23994.86914,23994.86914,3843901700
2017/2/16,24139.31055,24161.39063,23969.57031,24107.69922,24107.69922,3806666400
2017/2/17,24077.86914,24106.33984,23944.67969,24033.74023,24033.74023,2302691000
2017/2/20,24066,24202.33984,24022.15039,24146.08008,24146.08008,1936955000
2017/2/21,24174.10938,24213.64063,23909.15039,23963.63086,23963.63086,1839886700
2017/2/22,24059.08984,24201.96094,23999.55078,24201.96094,24201.96094,2230148000
2017/2/23,24122.17969,24216.5293,24046.91016,24114.85938,24114.85938,1880958700
2017/2/24,24115.60938,24121.91016,23958.13086,23965.69922,23965.69922,1750717000
2017/2/27,23941.81055,24067.67969,23822.88086,23925.05078,23925.05078,1727456200
2017/2/28,23952.64063,24007.81055,23740.73047,23740.73047,23740.73047,1666247300
2017/3/1,23849.2207,23857.2793,23730.05078,23776.49023,23776.49023,1648831300
2017/3/2,24044.48047,24080.86914,23694.33008,23728.07031,23728.07031,2111361200
2017/3/3,23618.35938,23635.24023,23511.59961,23552.7207,23552.7207,2387983900
2017/3/6,23600.49023,23691.05078,23574.2793,23596.2793,23596.2793,1442731400
2017/3/7,23630.34961,23728,23585.76953,23681.07031,23681.07031,1282674500
2017/3/8,23627.2793,23816.23047,23563.14063,23782.26953,23782.26953,1823218000
2017/3/9,23667.76953,23673.58008,23456.06055,23501.56055,23501.56055,1781279500
2017/3/10,23534.98047,23603.76953,23438.85938,23568.66992,23568.66992,1534086200
2017/3/13,23643.30078,23877.58984,23567.92969,23829.66992,23829.66992,2016201800
2017/3/14,23871,23918.11914,23768.33984,23827.94922,23827.94922,1857167800
2017/3/15,23705.07031,23842.81055,23645.50977,23792.84961,23792.84961,1352441800
2017/3/16,24101.98047,24288.2793,24003.75,24288.2793,24288.2793,2576719000
2017/3/17,24376.13086,24385.81055,24237.9707,24309.92969,24309.92969,2512650300
2017/3/20,24312.57031,24501.99023,24312.57031,24501.99023,24501.99023,1716660600
2017/3/21,24565.73047,24656.65039,24500.34961,24593.11914,24593.11914,2055170800
2017/3/22,24336.33008,24380.41992,24207.09961,24320.41016,24320.41016,2136581500
2017/3/23,24381.03906,24466.73047,24271.25977,24327.69922,24327.69922,1795481600
2017/3/24,24396.41016,24420.76953,24263.16992,24358.26953,24358.26953,1784280200
2017/3/27,24235.68945,24434.90039,24138.7793,24193.69922,24193.69922,1730336000
2017/3/28,24329.16992,24360,24274.51953,24345.86914,24345.86914,1506216800
2017/3/29,24470.66016,24470.66016,24330.69922,24392.05078,24392.05078,1834977400
2017/3/30,24429.11914,24431.11914,24250.40039,24301.08984,24301.08984,1768917100
2017/3/31,24305.5293,24329.98047,24105.38086,24111.58984,24111.58984,1733165500
2017/4/3,24236.56055,24261.48047,24162.55078,24261.48047,24261.48047,1708951000
2017/4/5,24370.94922,24400.80078,24166.00977,24400.80078,24400.80078,2697900400
2017/4/6,24310.41016,24381.63086,24210.68945,24273.7207,24273.7207,1722179300
2017/4/7,24247.00977,24268.39063,23982.40039,24267.30078,24267.30078,2253021500
2017/4/10,24302.00977,24314.66016,24215.53906,24262.17969,24262.17969,1193963800
2017/4/11,24280.86914,24318.15039,24007.84961,24088.46094,24088.46094,1803272800
2017/4/12,24068.91016,24313.5,23994.13086,24313.5,24313.5,1534864800
2017/4/13,24173.41992,24378.38086,24158.16016,24261.66016,24261.66016,1334077800
2017/4/18,24268.16992,24276.31055,23892.58984,23924.53906,23924.53906,1552809600
2017/4/19,23875.98047,23893.14063,23723.86914,23825.88086,23825.88086,1568253100
2017/4/20,23851.01953,24058.86914,23827.07031,24056.98047,24056.98047,1512891800
2017/4/21,24143.03906,24190.14063,23991.86914,24042.01953,24042.01953,1345955400
2017/4/24,24185.75977,24206.43945,23958.17969,24139.48047,24139.48047,1338069100
2017/4/25,24204.7793,24455.93945,24201.91016,24455.93945,24455.93945,1880693800
2017/4/26,24563.25,24637.84961,24515.23047,24578.42969,24578.42969,1668740700
2017/4/27,24663.09961,24717.43945,24455.11914,24698.48047,24698.48047,1567031000
2017/4/28,24691.28906,24697.0293,24563.76953,24615.13086,24615.13086,1181584600
2017/5/2,24773.80078,24773.80078,24577.33008,24696.13086,24696.13086,1605780100
2017/5/4,24680.44922,24683.88086,24530.92969,24683.88086,24683.88086,1760179900
2017/5/5,24625.34961,24634.2793,24358.7207,24476.34961,24476.34961,2024201800
2017/5/8,24604.28906,24624.21094,24476.19922,24577.91016,24577.91016,1357855500
2017/5/9,24656.94922,24889.83008,24548.9707,24889.0293,24889.0293,1381056000
2017/5/10,24931.82031,25164.9707,24931.82031,25015.41992,25015.41992,2297649800
2017/5/11,25101.5293,25203.53906,25024.75977,25125.55078,25125.55078,1642633800
2017/5/12,25126.48047,25211.2793,25087.32031,25156.33984,25156.33984,1417408900
2017/5/15,25233.31055,25385.7207,25213.4707,25371.58984,25371.58984,2212734400
2017/5/16,25413.34961,25413.34961,25228.46094,25335.93945,25335.93945,1797601700
2017/5/17,25355.75977,25374.94922,25245.43945,25293.63086,25293.63086,1512406100
2017/5/18,25034.18945,25263.81055,25025.05078,25136.51953,25136.51953,1677298400
2017/5/19,25171.66016,25266.2207,25124.06055,25174.86914,25174.86914,1312777700
2017/5/22,25318.28906,25450.03906,25201.33984,25391.33984,25391.33984,1410586000
2017/5/23,25415.57031,25486.98047,25307.26953,25403.15039,25403.15039,1758690200
2017/5/24,25382.25977,25428.5,25296.66016,25428.5,25428.5,1409941800
2017/5/25,25511.46094,25680.66992,25491.7793,25630.7793,25630.7793,1890794600
2017/5/26,25670.98047,25724.40039,25588.69922,25639.26953,25639.26953,1453713000
2017/5/29,25672.40039,25744.7207,25579.15039,25701.63086,25701.63086,1077784400
2017/5/31,25706.44922,25817.94922,25650.06055,25660.65039,25660.65039,2997857600
2017/6/1,25736.34961,25834.75,25614.60938,25809.2207,25809.2207,2017055200
2017/6/2,25926.06055,25973,25851.84961,25924.05078,25924.05078,1990193800
2017/6/5,25976.35938,25998.66016,25801.83984,25862.99023,25862.99023,1766176100
2017/6/6,25819.5293,26019.00977,25805.01953,25997.14063,25997.14063,1540428000
2017/6/7,26025.21094,26073.43945,25898.82031,25974.16016,25974.16016,1999503900
2017/6/8,25974,26069.98047,25923.21094,26063.06055,26063.06055,1633520700
2017/6/9,26090.33008,26090.33008,25922.67969,26030.28906,26030.28906,2889395400
2017/6/12,25925.44922,25957.7793,25689.23047,25708.03906,25708.03906,1614682000
2017/6/13,25826.51953,25883.2207,25722.63086,25852.09961,25852.09961,1316444700
2017/6/14,25915.46094,25915.46094,25713.01953,25875.90039,25875.90039,1449845600
2017/6/15,25772.2793,25772.2793,25565.33984,25565.33984,25565.33984,1658076900
2017/6/16,25601.81055,25719.9707,25557.80078,25626.49023,25626.49023,1699429200
2017/6/19,25736.19922,25939.7207,25735.07031,25924.55078,25924.55078,1116125500
2017/6/20,26028.42969,26043.09961,25833.92969,25843.03906,25843.03906,1251563600
2017/6/21,25752.26953,25846.51953,25575.98047,25694.58008,25694.58008,1699891000
2017/6/22,25597.46094,25867.93945,25597.46094,25674.5293,25674.5293,1553964400
2017/6/23,25724.2793,25770.36914,25648.76953,25670.05078,25670.05078,1302570300
2017/6/26,25727.92969,25875.48047,25720.38086,25871.89063,25871.89063,1206191500
2017/6/27,25911.19922,25929.60938,25780.68945,25839.99023,25839.99023,1182985800
2017/6/28,25735.21094,25821.35938,25625.71094,25683.5,25683.5,1652872300
2017/6/29,25872.92969,25965.41992,25814.80078,25965.41992,25965.41992,1748405000
2017/6/30,25679.64063,25816.25,25661.42969,25764.58008,25764.58008,1616948900
2017/7/3,25654.76953,25821.39063,25654.76953,25784.16992,25784.16992,1505017700
2017/7/4,25782.84961,25838.26953,25251.7207,25389.00977,25389.00977,2402054600
2017/7/5,25354.38086,25559.17969,25199.85938,25521.9707,25521.9707,1868195300
2017/7/6,25574.57031,25599.69922,25436.83008,25465.2207,25465.2207,1494486100
2017/7/7,25377.21094,25409.90039,25315.91016,25340.84961,25340.84961,1480481500
2017/7/10,25392.0293,25622.75,25331.94922,25500.06055,25500.06055,1743504600
2017/7/11,25605.18945,25941.4707,25596.21094,25877.64063,25877.64063,2230926300
2017/7/12,25991.34961,26147.30078,25991.34961,26043.64063,26043.64063,2695389200
2017/7/13,26340.28906,26383.75977,26255.31055,26346.16992,26346.16992,1971724000
2017/7/14,26416.67969,26416.67969,26295.99023,26389.23047,26389.23047,1744841800
2017/7/17,26572.91992,26618.66016,26353.83008,26470.58008,26470.58008,1837446700
2017/7/18,26489.51953,26540.16992,26381.14063,26524.93945,26524.93945,1872330800
2017/7/19,26561.81055,26682.64063,26541.56055,26672.16016,26672.16016,1346812900
2017/7/20,26770.48047,26794.17969,26632.98047,26740.21094,26740.21094,1408343500
2017/7/21,26777.43945,26778.41992,26663.25,26706.08984,26706.08984,1502400500
2017/7/24,26720.03906,26882,26674.5,26846.83008,26846.83008,1532468700
2017/7/25,26847.58008,26889.69922,26799.76953,26852.05078,26852.05078,1450948000
2017/7/26,26960.81055,27007.26953,26786.63086,26941.01953,26941.01953,2176480400
2017/7/27,27002.69922,27169.15039,26962.0293,27131.16992,27131.16992,1763945900
2017/7/28,27007.9707,27047.88086,26928.43945,26979.39063,26979.39063,1456040200
2017/7/31,27048.44922,27324.38086,27045.41016,27323.99023,27323.99023,1693214100
2017/8/1,27326.03906,27558,27326.03906,27540.23047,27540.23047,2392422600
2017/8/2,27645.2793,27747.34961,27570.5,27607.38086,27607.38086,2052633600
2017/8/3,27533.50977,27601.05078,27399.58008,27531.00977,27531.00977,1682624400
2017/8/4,27564.71094,27615.0293,27508.10938,27562.67969,27562.67969,1464939100
2017/8/7,27665.71094,27731.91992,27629.19922,27690.35938,27690.35938,1484632800
2017/8/8,27684.59961,27867.56055,27626.18945,27854.91016,27854.91016,1726572600
2017/8/9,27760.08008,27876.11914,27602.66016,27757.08984,27757.08984,1650670500
2017/8/10,27791.35938,27791.35938,27267.0293,27444,27444,2175962000
2017/8/11,27000.42969,27184.21094,26863.71094,26883.50977,26883.50977,3133494700
2017/8/14,27091.76953,27268.23047,27032.40039,27250.23047,27250.23047,1416372000
2017/8/15,27371.25,27438.41992,27174.96094,27174.96094,27174.96094,2735953400
2017/8/16,27238.81055,27422.30078,27238.81055,27409.07031,27409.07031,1771056700
2017/8/17,27610.28906,27624.51953,27302.48047,27344.2207,27344.2207,1795330700
2017/8/18,26999.59961,27236.32031,26951.91992,27047.57031,27047.57031,1691600400
2017/8/21,27100.63086,27221.31055,27086.42969,27154.67969,27154.67969,1770623000
2017/8/22,27322.19922,27509.06055,27316.08008,27401.66992,27401.66992,2049708500
2017/8/23,null,null,null,null,null,null
2017/8/24,27642.23047,27642.23047,27485.86914,27518.59961,27518.59961,2691510500
2017/8/25,27539.10938,27878.36914,27480.10938,27848.16016,27848.16016,3791271400
2017/8/28,27905.58984,28071.58984,27806.05078,27863.28906,27863.28906,3019391000
2017/8/29,27744.58008,27839.83008,27638.73047,27765.00977,27765.00977,1717761500
2017/8/30,27957.74023,28127.90039,27912.82031,28094.60938,28094.60938,2142434100
2017/8/31,27934.44922,27994.06055,27861.48047,27970.30078,27970.30078,2795558800
2017/9/1,28015.2207,28116.69922,27915.43945,27953.16016,27953.16016,1754523000
2017/9/4,27881.71094,27884.46094,27662.28906,27740.25977,27740.25977,1626723800
2017/9/5,27797.43945,27871.75977,27685.30078,27741.34961,27741.34961,1237100600
2017/9/6,27671.56055,27684.25977,27421.78906,27613.75977,27613.75977,1666660000
2017/9/7,27817.86914,27817.86914,27492.82031,27522.91992,27522.91992,1779146800
2017/9/8,27571.58984,27708.08984,27569.13086,27668.4707,27668.4707,1416125500
2017/9/11,27877.68945,27976.98047,27859,27955.13086,27955.13086,1381742800
2017/9/12,28068.69922,28071.53906,27883.83008,27972.24023,27972.24023,1313208800
2017/9/13,27984.26953,27984.26953,27751.2793,27894.08008,27894.08008,1437295600
2017/9/14,27788.83984,27895.07031,27699.08984,27777.19922,27777.19922,1650316300
2017/9/15,27736.59961,27893.58008,27514.03906,27807.58984,27807.58984,2164173900
2017/9/18,27971.36914,28160.39063,27917.17969,28159.76953,28159.76953,1546268100
2017/9/19,28200.53906,28248.11914,28032.16992,28051.41016,28051.41016,1601237600
2017/9/20,28099.28906,28149.35938,28013.10938,28127.80078,28127.80078,1496733100
2017/9/21,28091.24023,28184.36914,28046.93945,28110.33008,28110.33008,1625346200
2017/9/22,27949.83008,27960.91992,27845.51953,27880.5293,27880.5293,1379309700
2017/9/25,27851.53906,27851.53906,27476.26953,27500.33984,27500.33984,1800222600
2017/9/26,27308.60938,27567.88086,27300.36914,27513.00977,27513.00977,1683566500
2017/9/27,27503.05078,27673.40039,27503.05078,27642.42969,27642.42969,1812425000
2017/9/28,27661.26953,27665.16016,27421.59961,27421.59961,27421.59961,1968973700
2017/9/29,27492.13086,27581.13086,27383.16016,27554.30078,27554.30078,1665527400
2017/10/3,27884.21094,28194.16016,27737.38086,28173.21094,28173.21094,3430577300
2017/10/4,28311.26953,28521.76953,28311.26953,28379.17969,28379.17969,2095400500
2017/10/6,28626.41016,28626.41016,28377.84961,28458.03906,28458.03906,1967890900
2017/10/9,28440.16992,28488.34961,28282.00977,28326.58984,28326.58984,1745232800
2017/10/10,28334.91992,28503.83984,28260.19922,28490.83008,28490.83008,1388761700
2017/10/11,28622.00977,28625.66016,28330.73047,28389.57031,28389.57031,1874745400
2017/10/12,28431.05078,28528.71094,28343.32031,28459.0293,28459.0293,1579431600
2017/10/13,28423.65039,28492.39063,28369.86914,28476.42969,28476.42969,1616416300
2017/10/16,28661.98047,28792.06055,28620.38086,28692.80078,28692.80078,1740653100
2017/10/17,28777.17969,28777.17969,28641.94922,28697.49023,28697.49023,1286878300
2017/10/18,28636.19922,28729.33984,28629.73047,28711.75977,28711.75977,1429159000
2017/10/19,28783.84961,28798.7793,28094.53906,28159.08984,28159.08984,2125428600
2017/10/20,28360.01953,28519.75977,28313.69922,28487.24023,28487.24023,1493189400
2017/10/23,28557.80078,28557.80078,28253.32031,28305.88086,28305.88086,1712055400
2017/10/24,28232.61914,28356.09961,28098.83008,28154.9707,28154.9707,1426893600
2017/10/25,28238.84961,28387.21094,28198.56055,28302.89063,28302.89063,1272809300
2017/10/26,28165.60938,28316.19922,28102.75,28202.38086,28202.38086,1431611800
2017/10/27,28332.91016,28494.51953,28305.73047,28438.84961,28438.84961,2255521100
2017/10/30,28585.15039,28650.82031,28336.18945,28336.18945,28336.18945,2133304700
2017/10/31,28247,28354.10938,28183.78906,28245.53906,28245.53906,2447177600
2017/11/1,28387.55078,28606.58984,28329.5,28594.06055,28594.06055,2316556900
2017/11/2,28604.94922,28643.58008,28492.19922,28518.64063,28518.64063,2151398900
2017/11/3,28603.50977,28661.28906,28542.66016,28603.60938,28603.60938,1576569100
2017/11/6,28616.34961,28650.78906,28137.76953,28596.80078,28596.80078,2260004000
2017/11/7,28715.40039,29017.40039,28715.07031,28994.33984,28994.33984,2128719800
2017/11/8,28950.5,29123.43945,28885.07031,28907.59961,28907.59961,1831425800
2017/11/9,28987.78906,29192.50977,28960.05078,29136.57031,29136.57031,1822998100
2017/11/10,29060.13086,29237.84961,29036.44922,29120.91992,29120.91992,1781772000
2017/11/13,29058.23047,29258.5,29058.23047,29182.17969,29182.17969,1786820800
2017/11/14,29272.09961,29320.0293,29143.63086,29152.11914,29152.11914,1697043600
2017/11/15,29026.10938,29106.49023,28851.68945,28851.68945,28851.68945,2046100400
2017/11/16,28963.76953,29095.49023,28877.75977,29018.75977,29018.75977,1501023200
2017/11/17,29214.35938,29341.91992,29158.34961,29199.03906,29199.03906,2068123000
2017/11/20,29227.08008,29299.86914,29089.58008,29260.31055,29260.31055,1619910000
2017/11/21,29369.68945,29818.07031,29343.48047,29818.07031,29818.07031,2467367300
2017/11/22,30087.18945,30199.68945,29911.07031,30003.49023,30003.49023,2474928600
2017/11/23,30033.17969,30169.99023,29593.78906,29707.93945,29707.93945,2099356300
2017/11/24,29788.17969,29918.91992,29696.58984,29866.32031,29866.32031,1534288700
2017/11/27,29857.65039,29859.10938,29610.96094,29686.18945,29686.18945,1485230700
2017/11/28,29608.64063,29687.44922,29334.58984,29680.84961,29680.84961,1744542000
2017/11/29,29813.93945,29831.18945,29563.39063,29623.83008,29623.83008,1434723600
2017/11/30,29340.26953,29353.50977,29127.30078,29177.34961,29177.34961,2435496800
2017/12/1,29261.31055,29345.9707,29028.75977,29074.24023,29074.24023,2086681200
2017/12/4,28951.18945,29343.7793,28803.18945,29138.2793,29138.2793,1624072100
2017/12/5,28898.58008,29124.24023,28838.11914,28842.80078,28842.80078,1439200300
2017/12/6,28850.35938,28929.21094,28204.5293,28224.80078,28224.80078,2605434400
2017/12/7,28366.14063,28478.33984,28134.92969,28303.18945,28303.18945,1782453900
2017/12/8,28400.00977,28705.75977,28344.39063,28639.84961,28639.84961,1747376700
2017/12/11,28645.41016,28998.50977,28645.41016,28965.28906,28965.28906,2127756300
2017/12/12,28972.74023,29066.76953,28745.73047,28793.88086,28793.88086,2135704400
2017/12/13,28856.7793,29276.66992,28707.59961,29222.09961,29222.09961,2574054200
2017/12/14,29335.75977,29367.50977,29047.60938,29166.38086,29166.38086,1959305700
2017/12/15,29000.10938,29017.66016,28738.83984,28848.10938,28848.10938,1999793000
2017/12/18,28923.5293,29143.33008,28821.18945,29050.41016,29050.41016,1637861800
2017/12/19,29193.74023,29339.10938,29144.16992,29253.66016,29253.66016,1633522100
2017/12/20,29199.28906,29326.51953,29159.2793,29234.08984,29234.08984,1308865200
2017/12/21,29209.64063,29431.81055,29145.13086,29367.06055,29367.06055,1440980300
2017/12/22,29505.05078,29578.00977,29413.85938,29578.00977,29578.00977,1282144300
2017/12/27,29632.9707,29693.82031,29516.50977,29597.66016,29597.66016,1725832000
2017/12/28,29684.78906,29873.09961,29661.06055,29863.71094,29863.71094,1339575400
2017/12/29,29914.05078,29997.96094,29849.31055,29919.15039,29919.15039,1365770800
2018/1/2,30028.28906,30515.31055,30028.28906,30515.31055,30515.31055,2442333400
2018/1/3,30658.73047,30724.32031,30456.75977,30560.94922,30560.94922,2309467700
2018/1/4,30691.71094,30796.92969,30560.42969,30736.48047,30736.48047,2995571100
2018/1/5,30893.85938,30911.00977,30638.5293,30814.64063,30814.64063,2263930100
2018/1/8,30895.08984,30929.15039,30732.53906,30899.5293,30899.5293,2004162500
2018/1/9,30933.50977,31056.69922,30852.42969,31011.41016,31011.41016,2004940800
2018/1/10,31009.24023,31267.57031,30928.58008,31073.7207,31073.7207,2595365800
2018/1/11,31066.21094,31133.17969,30950.07031,31120.39063,31120.39063,1794778900
2018/1/12,31298.05078,31412.53906,31198.35938,31412.53906,31412.53906,2327417400
2018/1/15,31702.56055,31733.17969,31265.25,31338.86914,31338.86914,2664144600
2018/1/16,31423.61914,31904.75,31423.61914,31904.75,31904.75,3097059200
2018/1/17,31825.51953,31983.41016,31642.26953,31983.41016,31983.41016,3999243800
2018/1/18,32148.44922,32233.81055,31869.69922,32121.93945,32121.93945,3741499700
2018/1/19,32142.16016,32254.89063,31986,32254.89063,32254.89063,2906627500
2018/1/22,32276.96094,32417.23047,32046.83984,32393.41016,32393.41016,2880231400
2018/1/23,32606.14063,32930.69922,32554.23047,32930.69922,32930.69922,3954770600
2018/1/24,32907.23047,33018.71094,32728.50977,32958.69141,32958.69141,3897512100
2018/1/25,32979.37891,32998.05078,32650.2207,32654.44922,32654.44922,3554766400
2018/1/26,32836.28125,33223.57813,32794.12891,33154.12109,33154.12109,3892652400
2018/1/29,33335.48047,33484.07813,32897.03906,32966.89063,32966.89063,3605090600
2018/1/30,32751.7207,32976.75,32501.34961,32607.28906,32607.28906,3177122400
2018/1/31,32435.75977,32933.98047,32330.39063,32887.26953,32887.26953,3314255500
2018/2/1,32950.30078,33048.03906,32642.08984,32642.08984,32642.08984,2769125200
2018/2/2,32569.00977,32778.51172,32321.41992,32601.7793,32601.7793,2571367100
2018/2/5,31715.56055,32394.86914,31712.01953,32245.2207,32245.2207,3135015100
2018/2/6,31028.67969,31286.0293,30577.83008,30595.41992,30595.41992,5531270100
2018/2/7,31378.34961,31472.4707,30292.15039,30323.19922,30323.19922,4620281500
2018/2/8,30555.80078,30739.10938,30251.32031,30451.26953,30451.26953,3145081200
2018/2/9,29679.21094,29679.21094,29129.25977,29507.41992,29507.41992,5171294500
2018/2/12,29713.08008,29801.51953,29459.63086,29459.63086,29459.63086,2815461600
2018/2/13,29850.15039,30169,29783.09961,29839.5293,29839.5293,2709197500
2018/2/14,30024.4707,30637.23047,29968.53906,30515.59961,30515.59961,2408651200
2018/2/15,30958.71094,31145.09961,30816.65039,31115.42969,31115.42969,2070618100
2018/2/20,31165.28906,31339.68945,30720.48047,30873.63086,30873.63086,2033432100
2018/2/21,31050.51953,31477.84961,30885.94922,31431.89063,31431.89063,1933845300
2018/2/22,31084.44922,31195.26953,30930.09961,30965.67969,30965.67969,2391326700
2018/2/23,31289.08008,31386.81055,31149.32031,31267.16992,31267.16992,1667179100
2018/2/26,31528.28906,31567.46094,31273.94922,31498.59961,31498.59961,2025591300
2018/2/27,31790.84961,31798.98047,31141.51953,31268.66016,31268.66016,2579124300
2018/2/28,31037.41016,31061.75977,30703.90039,30844.7207,30844.7207,2407877200
2018/3/1,30476.99023,31081.67969,30453.82031,31044.25,31044.25,2116269800
2018/3/2,30611.09961,30670.93945,30477.94922,30583.44922,30583.44922,2955637100
2018/3/5,30524.25977,30679.4707,29852.41992,29886.39063,29886.39063,2279546200
2018/3/6,30380.96094,30620.06055,30129.80078,30510.73047,30510.73047,2270403000
2018/3/7,30323.76953,30673.08008,30117.40039,30196.91992,30196.91992,2135337500
2018/3/8,30523.67969,30724.0293,30428.60938,30654.51953,30654.51953,1529390000
2018/3/9,30858.26953,30996.21094,30840.80078,30996.21094,30996.21094,1470749100
2018/3/12,31536.30078,31607.58008,31342.48047,31594.33008,31594.33008,2173275800
2018/3/13,31570.19922,31709.99023,31461.4707,31601.44922,31601.44922,2111965400
2018/3/14,31321.78906,31453.48047,31141.84961,31435.00977,31435.00977,1707584900
2018/3/15,31181.15039,31583.38086,31121.66016,31541.09961,31541.09961,1496758200
2018/3/16,31363.0293,31564.7793,31337.44922,31501.9707,31501.9707,2345452800
2018/3/19,31370.4707,31656.30078,31244.61914,31513.75977,31513.75977,1440844700
2018/3/20,31315.41992,31576.05078,31183.40039,31549.92969,31549.92969,1746878600
2018/3/21,31811.98047,31978.14063,31381.53906,31414.51953,31414.51953,2309098300
2018/3/22,31575.92969,31686.66992,31018.43945,31071.05078,31071.05078,2103533300
2018/3/23,29930.23047,30320.31055,29930.23047,30309.28906,30309.28906,3522395400
2018/3/26,30267.07031,30548.76953,29995.16016,30548.76953,30548.76953,2317282800
2018/3/27,30985.75,30985.75,30738.75977,30790.83008,30790.83008,2049855800
2018/3/28,30510.38086,30637.21094,30022.5293,30022.5293,30022.5293,2209028300
2018/3/29,30154.17969,30252.94922,29819.63086,30093.38086,30093.38086,2167328200
2018/4/3,29927.88086,30269.2793,29755.35938,30180.09961,30180.09961,1908642500
2018/4/4,30244.2207,30329.08008,29518.68945,29518.68945,29518.68945,1816082600
2018/4/6,29750.24023,29980.56055,29608.33008,29844.93945,29844.93945,1698284100
2018/4/9,30104.32031,30514.80078,29909.36914,30229.58008,30229.58008,1841272200
2018/4/10,30205.08984,30806.85938,30163.08984,30728.74023,30728.74023,2270263700
2018/4/11,30761.23047,31021.11914,30723.07031,30897.71094,30897.71094,2291863000
2018/4/12,31094.10938,31094.10938,30637.14063,30831.2793,30831.2793,1754477200
2018/4/13,31076.75977,31076.75977,30707.76953,30808.38086,30808.38086,1406304600
2018/4/16,30849.7207,30849.7207,30190.75,30315.58984,30315.58984,1827774700
2018/4/17,30354.89063,30477.78906,30012.69922,30062.75,30062.75,1916884600
2018/4/18,30469.94922,30487.16992,29979.40039,30284.25,30284.25,2001652800
2018/4/19,30532.94922,30761.4707,30451,30708.43945,30708.43945,2221670500
2018/4/20,30647.93945,30848.4707,30355.78906,30418.33008,30418.33008,1661298600
2018/4/23,30327.0293,30481.85938,30184.44922,30254.40039,30254.40039,1516737400
2018/4/24,30353.83008,30665.09961,30335.28906,30636.24023,30636.24023,1741299100
2018/4/25,30486.85938,30507.18945,30244.16016,30328.15039,30328.15039,1674472500
2018/4/26,30378.15039,30463.41992,29871.19922,30007.67969,30007.67969,1765452500
2018/4/27,30300.83008,30336,30019.11914,30280.66992,30280.66992,1610929100
2018/4/30,30530.40039,30853.13086,30483.91016,30808.44922,30808.44922,1923280800
2018/5/2,30782.21094,30824.76953,30570.81055,30723.88086,30723.88086,1643135500
2018/5/3,30405.48047,30432.07031,30118.65039,30313.36914,30313.36914,1736327100
2018/5/4,30316.98047,30341.46094,29859.30078,29926.5,29926.5,1754754700
2018/5/7,30102.06055,30138.33008,29791.86914,29994.25977,29994.25977,1441380300
2018/5/8,30123.76953,30444.2207,30123.76953,30402.81055,30402.81055,1623605700
2018/5/9,30452.16016,30568.75977,30346.61914,30536.14063,30536.14063,1360669300
2018/5/10,30716.9707,30851.30078,30712.92969,30809.2207,30809.2207,1534597300
2018/5/11,31151.80078,31277.39063,31032.43945,31122.06055,31122.06055,1627487900
2018/5/14,31498.35938,31592.56055,31423.57031,31541.08008,31541.08008,1794416600
2018/5/15,31573.17969,31573.17969,31152.0293,31152.0293,31152.0293,1566899600
2018/5/16,31014.7207,31218.08008,30818.7793,31110.19922,31110.19922,1348037300
2018/5/17,31416.71094,31416.71094,30942.15039,30942.15039,30942.15039,1499907300
2018/5/18,31033.9707,31148.06055,30904.67969,31047.91016,31047.91016,1722070700
2018/5/21,31232.78906,31464.09961,31232.78906,31234.34961,31234.34961,1599624500
2018/5/23,31191.86914,31191.86914,30665.64063,30665.64063,30665.64063,2434017000
2018/5/24,30718.66016,30788.9707,30589.38086,30760.41016,30760.41016,1579074300
2018/5/25,30664.26953,30736.9707,30525.74023,30588.03906,30588.03906,1677533500
2018/5/28,30759.83984,30839.30078,30530.4707,30792.25977,30792.25977,1736227200
2018/5/29,30647.25977,30713.32031,30454.17969,30484.58008,30484.58008,1658628600
2018/5/30,30109.36914,30241.23047,29964.33984,30056.78906,30056.78906,2407803400
2018/5/31,30274.17969,30533.58008,30148.42969,30468.56055,30468.56055,4110003600
2018/6/1,30548.7793,30581.11914,30363.49023,30492.91016,30492.91016,2778527900
2018/6/4,30836.76953,31012.91992,30743.17969,30997.98047,30997.98047,1836620100
2018/6/5,31009.4707,31188.92969,30896.10938,31093.44922,31093.44922,1722042700
2018/6/6,31162.01953,31332.41992,31161.36914,31259.09961,31259.09961,1465410700
2018/6/7,31464.63086,31521.13086,31369.2793,31512.63086,31512.63086,1937967000
2018/6/8,31435.25977,31435.25977,30874.09961,30958.21094,30958.21094,1721286300
2018/6/11,31016.51953,31134.0293,30898.57031,31063.69922,31063.69922,1323340300
2018/6/12,31029.84961,31242.85938,30944.9707,31103.06055,31103.06055,1378992000
2018/6/13,30990.36914,31023.73047,30688.25977,30725.15039,30725.15039,1630943500
2018/6/14,30684.07031,30777.96094,30349.96094,30440.16992,30440.16992,2128385000
2018/6/15,30411.07031,30519.28906,30259.10938,30309.49023,30309.49023,2336474000
2018/6/19,29999.00977,30012.03906,29332.2793,29468.15039,29468.15039,3563935000
2018/6/20,29478.46094,29944.30078,29406.19922,29696.16992,29696.16992,2235041100
2018/6/21,29764.05078,29882.26953,29285.71094,29296.05078,29296.05078,2026711800
2018/6/22,29215.53906,29436.83984,29089.39063,29338.69922,29338.69922,2153358900
2018/6/25,29326.11914,29403.35938,28895.40039,28961.39063,28961.39063,2300773700
2018/6/26,28881.17969,29034.23047,28505.08984,28881.40039,28881.40039,2528392900
2018/6/27,28957.64063,28988.83008,28342.82031,28356.25977,28356.25977,2572195600
2018/6/28,28368.00977,28567.28906,28169.09961,28497.32031,28497.32031,2569401700
2018/6/29,28463.84961,28962.28906,28463.84961,28955.10938,28955.10938,2390149600
2018/7/3,28617,28617,27990.44922,28545.57031,28545.57031,3283196100
2018/7/4,28546.32031,28642.33984,28141.2793,28241.66992,28241.66992,2102178600
2018/7/5,28101.84961,28320.90039,27830.75,28182.08984,28182.08984,1879594600
2018/7/6,28254.36914,28554.21094,27925.33008,28315.61914,28315.61914,2018289300
2018/7/9,28606.16016,28821.53906,28518.51953,28688.5,28688.5,1877898300
2018/7/10,28900.71094,28981.92969,28682.25,28682.25,28682.25,1667619300
2018/7/11,28013.7207,28365.7207,28013.7207,28311.68945,28311.68945,1871183500
2018/7/12,28260.08984,28614.5293,28217.31055,28480.83008,28480.83008,1850926800
2018/7/13,28689.17969,28715.35938,28500.50977,28525.43945,28525.43945,1449784600
2018/7/16,28580.96094,28699.21094,28327,28539.66016,28539.66016,1239642900
2018/7/17,28451.5,28460.86914,28137.94922,28181.67969,28181.67969,1700682900
2018/7/18,28352.10938,28386.38086,28045.4707,28117.41992,28117.41992,1507604000
2018/7/19,28251.16016,28329.98047,27998.35938,28010.85938,28010.85938,1495109900
2018/7/20,28054.75977,28294.74023,27745.84961,28224.48047,28224.48047,2439680200
2018/7/23,28298.60938,28391.58008,28091.06055,28256.11914,28256.11914,1893557000
2018/7/24,28282.30078,28718,28282.30078,28662.57031,28662.57031,2416350500
2018/7/25,28906.9707,28964.78906,28764.34961,28920.90039,28920.90039,1632380100
2018/7/26,29083.40039,29083.40039,28625.08008,28781.14063,28781.14063,1418097900
2018/7/27,28734.73047,28816.68945,28572.78906,28804.2793,28804.2793,1206039800
2018/7/30,28631.05078,28839.24023,28539.56055,28733.13086,28733.13086,1231291800
2018/7/31,28663.14063,28682.31055,28538.0293,28583.00977,28583.00977,1464571200
2018/8/1,28756.7207,28772.80078,28219.9707,28340.74023,28340.74023,1516068100
2018/8/2,28159.00977,28218.2793,27578.08984,27714.56055,27714.56055,1989173700
2018/8/3,27751.59961,27786.15039,27604.56055,27676.32031,27676.32031,1608505200
2018/8/6,27885.50977,28074.5293,27730.41992,27819.56055,27819.56055,1445836100
2018/8/7,27889.43945,28266.67969,27843.16016,28248.88086,28248.88086,1553852900
2018/8/8,28473.48047,28473.48047,28224.46094,28359.14063,28359.14063,1611650400
2018/8/9,28260.5,28728.16992,28192.81055,28607.30078,28607.30078,1448212200
2018/8/10,28614.73047,28665.90039,28296.99023,28366.61914,28366.61914,1284477700
2018/8/13,27956.7793,28085.16992,27823.21094,27936.57031,27936.57031,1484354700
2018/8/14,27938.32031,27946.55078,27522.82031,27752.92969,27752.92969,1490419600
2018/8/15,27724.7207,27727.26953,27249.08008,27323.58984,27323.58984,1913746300
2018/8/16,26871.10938,27405.25,26871.10938,27100.06055,27100.06055,2138210600
2018/8/17,27388.57031,27450.83984,27101.09961,27213.41016,27213.41016,1557764000
2018/8/20,27273.7793,27609.80078,27209.2207,27598.01953,27598.01953,1660834700
2018/8/21,27670.53906,27771.30078,27526.30078,27752.78906,27752.78906,1699480400
2018/8/22,27836.67969,27954.51953,27579.80078,27927.58008,27927.58008,1784465100
2018/8/23,28005.33008,28051.65039,27659.21094,27790.46094,27790.46094,1462580600
2018/8/24,27565.98047,27830.91016,27532.06055,27671.86914,27671.86914,1492245200
2018/8/27,28016.66016,28289.06055,27956.03906,28271.26953,28271.26953,2133548500
2018/8/28,28530.89063,28579.64063,28234.5293,28351.61914,28351.61914,1651324700
2018/8/29,28362.83984,28485.83008,28272.13086,28416.43945,28416.43945,1365810400
2018/8/30,28533.92969,28533.92969,28121.40039,28164.05078,28164.05078,1292190100
2018/8/31,27798.21094,27962.0293,27720.32031,27888.55078,27888.55078,1923264400
2018/9/3,27809.44922,27822.18945,27577.03906,27712.53906,27712.53906,1396877700
2018/9/4,27619.17969,27984.89063,27563.78906,27973.33984,27973.33984,1102334700
2018/9/5,27789.01953,27861.99023,27208.33984,27243.84961,27243.84961,1913637000
2018/9/6,27069.21094,27268.39063,26818.82031,26974.82031,26974.82031,2172071800
2018/9/7,26895.86914,27196.57031,26669.58008,26973.4707,26973.4707,2859939000
2018/9/10,26922.26953,26926.63086,26453.28906,26613.41992,26613.41992,2045973800
2018/9/11,26611.92969,26690.65039,26394.86914,26422.55078,26422.55078,1688227600
2018/9/12,26462.82031,26468.91016,26219.56055,26345.03906,26345.03906,2255883500
2018/9/13,26798.39063,27014.49023,26648.76953,27014.49023,27014.49023,2336699600
2018/9/14,27229.78906,27340.01953,27027.44922,27286.41016,27286.41016,1707220300
2018/9/17,27029.91016,27037.48047,26763.21094,26932.84961,26932.84961,1262149500
2018/9/18,26846.33008,27156.55078,26648.99023,27084.66016,27084.66016,1810262900
2018/9/19,27170.01953,27488.34961,27085.78906,27407.36914,27407.36914,1874196000
2018/9/20,27605.7207,27628.18945,27327.23047,27477.66992,27477.66992,1399791400
2018/9/21,27712.34961,27965.96094,27536.26953,27953.58008,27953.58008,2777208200
2018/9/24,27783.84961,27783.84961,27425.00977,27499.39063,27499.39063,1511079800
2018/9/26,27606.81055,28031.81055,27589.36914,27816.86914,27816.86914,2338781100
2018/9/27,27912.50977,27928.28906,27638.53906,27715.66992,27715.66992,1440548100
2018/9/28,27879.06055,27927.94922,27672.83008,27788.51953,27788.51953,1636511300
2018/10/2,27716.16016,27716.16016,27073.08008,27126.38086,27126.38086,2081279200
2018/10/3,26840.19922,27270.16016,26840.19922,27091.25977,27091.25977,1316749100
2018/10/4,27029.40039,27029.40039,26551.43945,26623.86914,26623.86914,1903259700
2018/10/5,26503.75,26639.64063,26373.46094,26572.57031,26572.57031,1684117300
2018/10/8,26717.59961,26717.59961,26187.83008,26202.57031,26202.57031,2296488600
2018/10/9,26194.16992,26366.59961,26067.50977,26172.91016,26172.91016,1744919700
2018/10/10,26281.2793,26499.83984,26193.07031,26193.07031,26193.07031,1719141400
2018/10/11,25392.90039,25437.84961,25125.2207,25266.36914,25266.36914,3090446400
2018/10/12,25401.41016,25835.75977,25286.85938,25801.49023,25801.49023,2099313400
2018/10/15,25683.58984,25683.58984,25399.53906,25445.06055,25445.06055,1614888500
2018/10/16,25586.16016,25712.13086,25266.53906,25462.25977,25462.25977,1467251700
2018/10/18,25674.66016,25674.66016,25261.7207,25454.55078,25454.55078,1764725000
2018/10/19,25172.0293,25743.44922,25090.30078,25561.40039,25561.40039,2037871700
2018/10/22,25668.33008,26234.85938,25668.33008,26153.15039,26153.15039,2222812200
2018/10/23,26015.49023,26015.49023,25315.75977,25346.55078,25346.55078,1772912000
2018/10/24,25401.16992,25653.35938,25194.28906,25249.7793,25249.7793,1962753500
2018/10/25,24766.7207,24994.46094,24653.78906,24994.46094,24994.46094,2288634200
2018/10/26,25031.49023,25062.19922,24589.03906,24717.63086,24717.63086,1688395600
2018/10/29,24955.78906,24955.78906,24594.74023,24812.03906,24812.03906,2000985900
2018/10/30,24765.11914,24939.17969,24540.63086,24585.5293,24585.5293,2100387500
2018/10/31,24752.83008,24979.68945,24700.10938,24979.68945,24979.68945,2363084500
2018/11/1,25228.75,25535.11914,25190.90039,25416,25416,2176972600
2018/11/2,25980.43945,26486.34961,25909.71094,26486.34961,26486.34961,3518978800
2018/11/5,26050.33984,26146.81055,25747.51953,25934.39063,25934.39063,1626675400
2018/11/6,26062.24023,26159.83008,25826.68945,26120.96094,26120.96094,1562913100
2018/11/7,26125.08984,26530.86914,25920.7207,26147.68945,26147.68945,1731287400
2018/11/8,26491.26953,26491.26953,26141.25,26227.7207,26227.7207,1654626400
2018/11/9,25925.08984,25925.08984,25475.32031,25601.91992,25601.91992,1839798600
2018/11/12,25576.2793,25765.96094,25505.33008,25633.17969,25633.17969,1171178800
2018/11/13,25092.30078,25792.86914,25092.30078,25792.86914,25792.86914,1689989400
2018/11/14,25874.35938,25874.35938,25489.85938,25654.42969,25654.42969,1431673200
2018/11/15,25862.17969,26127.14063,25611.7207,26103.33984,26103.33984,1534457400
2018/11/16,26041.56055,26197.31055,25850.03906,26183.5293,26183.5293,1330024100
2018/11/19,26278.86914,26397.39063,26146.39063,26372,26372,1320040400
2018/11/20,26043.50977,26132.28906,25776.2207,25840.33984,25840.33984,1205800000
2018/11/21,25496.84961,25998.2793,25494.50977,25971.4707,25971.4707,1397423500
2018/11/22,26139.39063,26139.39063,25873.38086,26019.41016,26019.41016,1010983600
2018/11/23,25950.07031,25983.25,25807.25977,25927.67969,25927.67969,877061500
2018/11/26,26099.34961,26413.75977,26031.90039,26376.17969,26376.17969,1611982200
2018/11/27,26345.36914,26417.83984,26158.9707,26331.96094,26331.96094,1394358800
2018/11/28,26406.67969,26705.30078,26332.66016,26682.56055,26682.56055,1415273800
2018/11/29,26904.21094,26923.33008,26399.81055,26451.0293,26451.0293,1469593600
2018/11/30,26506.08984,26683.25,26396.61914,26506.75,26506.75,2000815900
2018/12/3,27185.66016,27259.42969,27006.83008,27182.03906,27182.03906,2549703200
2018/12/4,27119.18945,27260.43945,26984.71094,27260.43945,27260.43945,1880483300
2018/12/5,26745.68945,26914.86914,26745.68945,26819.67969,26819.67969,1330919400
2018/12/6,26349.41992,26381.11914,26016.08984,26156.38086,26156.38086,2123180600
2018/12/7,26249.81055,26280.66016,26055.7793,26063.75977,26063.75977,2726993500
2018/12/10,25794.94922,25845.33984,25570.89063,25752.38086,25752.38086,1544284600
2018/12/11,25623.40039,25861.73047,25623.40039,25771.66992,25771.66992,1190934600
2018/12/12,26054.00977,26238.73047,26013.35938,26186.71094,26186.71094,1429660600
2018/12/13,26417.89063,26581.92969,26314.76953,26524.34961,26524.34961,1747235100
2018/12/14,26219,26219,26061.4707,26094.78906,26094.78906,1344364100
2018/12/17,26178.03906,26186.30078,26002.30078,26087.98047,26087.98047,1036879300
2018/12/18,25903.98047,26152.88086,25713.5,25814.25,25814.25,1449449300
2018/12/19,25860.67969,25925.99023,25784.08984,25865.39063,25865.39063,1430181500
2018/12/20,25723.5293,25859.82031,25416.88086,25623.5293,25623.5293,1717860300
2018/12/21,25512.30078,25805.60938,25313.75,25753.41992,25753.41992,1935298900
2018/12/24,25515.40039,25651.38086,25421.42969,25651.38086,25651.38086,1074120100
2018/12/27,25818.81055,25920.63086,25446.80078,25478.88086,25478.88086,1313061500
2018/12/28,25502.33984,25600.25,25416.35938,25504.19922,25504.19922,1224894400
2018/12/31,25732.51953,25916.23047,25682.66016,25845.69922,25845.69922,826507300
2019/1/2,25824.43945,25824.43945,25055.26953,25130.34961,25130.34961,1666316400
2019/1/3,25077.67969,25262.21094,24896.86914,25064.35938,25064.35938,1481291700
2019/1/4,24946.11914,25626.0293,24924.73047,25626.0293,25626.0293,1708572100
2019/1/7,26015.83984,26043.64063,25753.46094,25835.69922,25835.69922,1447090300
2019/1/8,25852.5,25960.89063,25688.5,25875.44922,25875.44922,1578205700
2019/1/9,26237.28906,26597.07031,26192.65039,26462.32031,26462.32031,2680892000
2019/1/10,26391.7793,26588.21094,26212.33984,26521.42969,26521.42969,1939043900
2019/1/11,26692.01953,26692.01953,26494.85938,26667.26953,26667.26953,1799353900
2019/1/14,26559.67969,26575.33008,26195.7793,26298.33008,26298.33008,1426017400
2019/1/15,26518.61914,26838.55078,26427.44922,26830.28906,26830.28906,1822902000
2019/1/16,26702.92969,26903.7793,26567.51953,26902.09961,26902.09961,1714886500
2019/1/17,26953.21094,27012.18945,26703.31055,26755.63086,26755.63086,1860541000
2019/1/18,26993.43945,27116.65039,26915.08008,27090.81055,27090.81055,1692701900
2019/1/21,27134.26953,27323.60938,27084.30078,27196.53906,27196.53906,1640014700
2019/1/22,27189.40039,27223.69922,26854.66016,27005.44922,27005.44922,1578449700
2019/1/23,26879.91016,27131.2207,26879.91016,27008.19922,27008.19922,1381999400
2019/1/24,27075.36914,27120.98047,26889.78906,27120.98047,27120.98047,1323732100
2019/1/25,27282.88086,27569.18945,27217.75,27569.18945,27569.18945,2264965800
2019/1/28,27695.81055,27790.2207,27462.36914,27576.96094,27576.96094,1705146300
2019/1/29,27397.53906,27575.36914,27328.16992,27531.67969,27531.67969,1821838000
2019/1/30,27571.41016,27642.84961,27369.75,27642.84961,27642.84961,1821894600
2019/1/31,27842.05078,28010.90039,27773.98047,27942.4707,27942.4707,2225282600
2019/2/1,28193.2793,28193.2793,27802.5,27930.74023,27930.74023,1669716900
2019/2/4,27985.41992,28005.15039,27847.42969,27990.21094,27990.21094,808061300
2019/2/8,27708.13086,28008.82031,27534.19922,27946.32031,27946.32031,1527669600
2019/2/11,27927.44922,28143.83984,27847.84961,28143.83984,28143.83984,1384082500
2019/2/12,28093.31055,28219.58984,27983.48047,28171.33008,28171.33008,1492521500
2019/2/13,28184.86914,28533.35938,28160.46094,28497.58984,28497.58984,1930777700
2019/2/14,28396.40039,28476.65039,28275.17969,28432.05078,28432.05078,1433724900
2019/2/15,28241.43945,28256.68945,27845.86914,27900.83984,27900.83984,1781495400
2019/2/18,28186.75,28412.08008,28186.75,28347.00977,28347.00977,1549943500
2019/2/19,28440.49023,28488.9707,28208.86914,28228.13086,28228.13086,1653127000
2019/2/20,28404.67969,28599.76953,28357.30078,28514.05078,28514.05078,1928707100
2019/2/21,28450,28759.34961,28364.84961,28629.91992,28629.91992,1814520300
2019/2/22,28478.96094,28816.30078,28430.19922,28816.30078,28816.30078,1706490600
2019/2/25,28975.51953,29009.98047,28763.46094,28959.30078,28959.30078,3517972400
2019/2/26,28971.23047,28971.23047,28700.00977,28772.06055,28772.06055,2758187900
2019/2/27,28833.16016,29014.18945,28701.4707,28757.43945,28757.43945,2378404200
2019/2/28,28719.71094,28917.49023,28571.13086,28633.17969,28633.17969,2086693500
2019/3/1,28716.59961,28860.19922,28663.71094,28812.16992,28812.16992,1927040400
2019/3/4,28855.10938,29241.80078,28760.66992,28959.58984,28959.58984,2682948700
2019/3/5,28823.16016,29025.78906,28734.81055,28961.59961,28961.59961,1951621500
2019/3/6,29003.25,29122.81055,28938.39063,29037.59961,29037.59961,1794494900
2019/3/7,28965.41992,29007.07031,28772.44922,28779.44922,28779.44922,1691993300
2019/3/8,28409.14063,28533.75977,28201.08984,28228.41992,28228.41992,2998999600
2019/3/11,28265.84961,28512.26953,28240.7793,28503.30078,28503.30078,1525534800
2019/3/12,28920.86914,28920.86914,28920.86914,28920.86914,28920.86914,0
2019/3/13,28924.2793,28924.2793,28690.36914,28807.44922,28807.44922,1183090900
2019/3/14,28891.06055,28932.4707,28696.31055,28851.39063,28851.39063,1390223200
2019/3/15,28843.85938,29204.73047,28828.25977,29012.25977,29012.25977,1974569100
2019/3/18,29112.43945,29409.00977,29034.13086,29409.00977,29409.00977,1887811300
2019/3/19,29419.14063,29486.15039,29319.50977,29466.2793,29466.2793,1747657200
2019/3/20,29357.18945,29435.81055,29251.25,29320.9707,29320.9707,1580528500
2019/3/21,29387.75,29446.76953,29051.84961,29071.56055,29071.56055,1750672700
2019/3/22,29173.33008,29243.09961,28847.33984,29113.35938,29113.35938,1740699100
2019/3/25,28501.36914,28702.24023,28463.10938,28523.34961,28523.34961,2091121900
2019/3/26,28677.75977,28701.59961,28435.06055,28566.91016,28566.91016,1406624800
2019/3/27,28564.71094,28781.63086,28551.65039,28728.25,28728.25,1475536600
2019/3/28,28663.19922,28816.58984,28558.80078,28775.21094,28775.21094,1582079600
2019/3/29,28812.64063,29100.68945,28761.88086,29051.35938,29051.35938,2695223000
2019/4/1,29383.7207,29612.36914,29383.7207,29562.01953,29562.01953,2475412300
2019/4/2,29736.99023,29736.99023,29534.41992,29624.66992,29624.66992,1858466500
2019/4/3,29785.26953,29999.33984,29715.76953,29986.39063,29986.39063,2019434600
2019/4/4,29950.41992,30050.91016,29765.55078,29936.32031,29936.32031,1854467500
2019/4/8,30119.58008,30185.06055,29913.61914,30077.15039,30077.15039,2321011600
2019/4/9,30065.99023,30222.01953,30018.98047,30157.49023,30157.49023,2049354000
2019/4/10,30052.26953,30139.60938,29892.61914,30119.56055,30119.56055,1814064400
2019/4/11,30138.14063,30184.60938,29783.66992,29839.44922,29839.44922,1897154200
2019/4/12,29806.34961,29909.75977,29694.84961,29909.75977,29909.75977,1560692000
2019/4/15,30119.84961,30280.11914,29810.7207,29810.7207,29810.7207,2010638200
2019/4/16,29754.30078,30142.85938,29665.10938,30129.86914,30129.86914,2546181500
2019/4/17,30160.68945,30178.58008,30004.9707,30124.67969,30124.67969,2035147300
2019/4/18,30088.65039,30101.83008,29896.85938,29963.25977,29963.25977,1569930600
2019/4/23,29782.94922,30055.93945,29755.86914,29963.24023,29963.24023,2006226400
2019/4/24,30112.18945,30112.18945,29682.86914,29805.83008,29805.83008,1748986700
2019/4/25,29667.51953,29849.69922,29535.19922,29549.80078,29549.80078,1644483200
2019/4/26,29513.08008,29672.78906,29504.14063,29605.00977,29605.00977,1411001700
2019/4/29,29730.84961,29917.10938,29639.38086,29892.81055,29892.81055,1250717200
2019/4/30,29828.15039,29855.75977,29620.44922,29699.10938,29699.10938,1359023200
2019/5/2,29643.05078,29967.74023,29643.05078,29944.17969,29944.17969,1298906600
2019/5/3,29818.48047,30081.55078,29678.85938,30081.55078,30081.55078,1217388500
2019/5/6,29342.38086,29384.00977,28956.4707,29209.82031,29209.82031,2934065800
2019/5/7,29313.58008,29480.03906,29156.44922,29363.01953,29363.01953,1997665400
2019/5/8,28987.08984,29252,28945.91016,29003.19922,29003.19922,2182802000
2019/5/9,28839.34961,28891.10938,28281.98047,28311.07031,28311.07031,2907223700
2019/5/10,28462.33984,28833.44922,28203.2207,28550.24023,28550.24023,2421480000
2019/5/14,27951.11914,28205.96094,27925.61914,28122.01953,28122.01953,2875261200
2019/5/15,28171.32031,28441.49023,28171.32031,28268.71094,28268.71094,2244890100
2019/5/16,28117.48047,28379.36914,28050.7793,28275.07031,28275.07031,2372367500
2019/5/17,28428,28428,27909.73047,27946.46094,27946.46094,1922181900
2019/5/20,27959.23047,27999.59961,27699.23047,27787.60938,27787.60938,2260468500
2019/5/21,27671.40039,27915.16016,27598.06055,27657.24023,27657.24023,2229189200
2019/5/22,27753.53906,27828.81055,27640.61914,27705.93945,27705.93945,1705803400
2019/5/23,27505.5293,27523.85938,27169.66992,27267.13086,27267.13086,2219416000
2019/5/24,27368.67969,27457.58984,27291.93945,27353.92969,27353.92969,1677043500
2019/5/27,27239.08008,27371.34961,27105.2207,27288.08984,27288.08984,1264256500
2019/5/28,27274.83008,27490.55078,27230.08984,27390.81055,27390.81055,3043711500
2019/5/29,27226.94922,27429.36914,27178.71094,27235.71094,27235.71094,2236869000
2019/5/30,27319.25,27319.25,27020.73047,27114.88086,27114.88086,1884022200
2019/5/31,27002.96094,27155.35938,26850.26953,26901.08984,26901.08984,1829465900
2019/6/3,26909.71094,26968.09961,26735.48047,26893.85938,26893.85938,1716241600
2019/6/4,26994.08008,26994.08008,26671.90039,26761.51953,26761.51953,1527666000
2019/6/5,27116.08008,27119.48047,26803.66016,26895.43945,26895.43945,1894174900
2019/6/6,26935.86914,26984.01953,26837.66992,26965.2793,26965.2793,1601926500
2019/6/10,27206.60938,27606.41992,27155.0293,27578.64063,27578.64063,2272329600
2019/6/11,27677.06055,27857.84961,27577.91016,27789.33984,27789.33984,1824700000
2019/6/12,27603.11914,27603.11914,27222.0293,27308.46094,27308.46094,1866884200
2019/6/13,27217.7207,27294.71094,26825.34961,27294.71094,27294.71094,1846303100
2019/6/14,27180.74023,27275.88086,27051.75,27118.34961,27118.34961,2031083500
2019/6/17,27252.44922,27503.09961,27227.16016,27227.16016,27227.16016,1487266700
2019/6/18,27289.69922,27584.11914,27201.01953,27498.76953,27498.76953,1550614700
2019/6/19,28224.86914,28224.86914,28022.49023,28202.14063,28202.14063,2076060300
2019/6/20,28308.84961,28563.08008,28258.01953,28550.42969,28550.42969,1820185000
2019/6/21,28581.50977,28581.50977,28359.25,28473.71094,28473.71094,2171897300
2019/6/24,28400.63086,28634.48047,28358.06055,28513,28513,1338833200
2019/6/25,28447.96094,28470.09961,28066.13086,28185.98047,28185.98047,1851984100
2019/6/26,28046.16016,28267.98047,27985.98047,28221.98047,28221.98047,1431402200
2019/6/27,28352.93945,28621.41992,28287.33984,28621.41992,28621.41992,1679897500
2019/6/28,28632.58984,28632.58984,28416.96094,28542.61914,28542.61914,1486688000
2019/7/2,28904.03906,28959.06055,28768.53906,28875.56055,28875.56055,2110432700
2019/7/3,28781.9707,28891.89063,28721.21094,28855.14063,28855.14063,1291301500
2019/7/4,28891.9707,29007.98047,28776.48047,28795.76953,28795.76953,928449700
2019/7/5,28785.5293,28880.58008,28714.91992,28774.83008,28774.83008,846919500
2019/7/8,28513.14063,28541.09961,28194.07031,28331.68945,28331.68945,1250874300
2019/7/9,28299.73047,28312.9707,28080.73047,28116.2793,28116.2793,1218475000
2019/7/10,28245.08984,28311.7793,28144.86914,28204.68945,28204.68945,1013012100
2019/7/11,28347.85938,28582.68945,28347.85938,28431.80078,28431.80078,1067070900
2019/7/12,28401.86914,28603.86914,28399.66016,28471.61914,28471.61914,1204492700
2019/7/15,28303.35938,28567.25,28071.18945,28554.88086,28554.88086,1317116400
2019/7/16,28583.92969,28634.65039,28489.41016,28619.61914,28619.61914,1024681900
2019/7/17,28463.76953,28593.16992,28377.33984,28593.16992,28593.16992,950441100
2019/7/18,28393.03906,28511.65039,28376.5,28461.66016,28461.66016,925037300
2019/7/19,28585.15039,28809.58984,28551.19922,28765.40039,28765.40039,1261012300
2019/7/22,28612.2793,28649.43945,28303.55078,28371.25977,28371.25977,1104886500
2019/7/23,28392.03906,28489.28906,28313.78906,28466.48047,28466.48047,950029300
2019/7/24,28578.14063,28764.5,28515.91992,28524.03906,28524.03906,1075821900
2019/7/25,28575.49023,28628.50977,28517.00977,28594.30078,28594.30078,974264600
2019/7/26,28406.07031,28487.64063,28338.30078,28397.74023,28397.74023,1320699900
2019/7/29,28262.80078,28302.66016,27945.41016,28106.41016,28106.41016,1563572300
2019/7/30,28059.82031,28274.65039,28059.82031,28146.5,28146.5,1147561000
2019/7/31,27931.2793,27939.7207,27701.43945,27777.75,27777.75,1287084400
2019/8/1,27582.21094,27754.03906,27495.89063,27565.69922,27565.69922,1736444000
2019/8/2,26950.5293,27043.46094,26868.96094,26918.58008,26918.58008,2317609200
2019/8/5,26480.4707,26502.60938,26086.85938,26151.32031,26151.32031,2120745300
2019/8/6,25472.42969,26042.23047,25397.34961,25976.24023,25976.24023,2751867000
2019/8/7,25977.7207,26025.43945,25738.80078,25997.0293,25997.0293,1671335000
2019/8/8,25999.44922,26317.41992,25999.44922,26120.76953,26120.76953,1658129900
2019/8/9,26278.91992,26313.7793,25939.30078,25939.30078,25939.30078,1357616900
2019/8/12,25869.48047,26069.23047,25824.7207,25824.7207,25824.7207,1200393600
2019/8/13,25536.61914,25616.71094,25270.91016,25281.30078,25281.30078,1979089800
2019/8/14,25711.09961,25717.98047,25197.38086,25302.2793,25302.2793,1915522900
2019/8/15,24945.74023,25552.13086,24899.92969,25495.46094,25495.46094,2145864600
2019/8/16,25484.96094,25798.10938,25314.26953,25734.2207,25734.2207,2022477500
2019/8/19,25994.80078,26356.2207,25994.80078,26291.83984,26291.83984,2144882700
2019/8/20,26256.53906,26347.23047,26149.40039,26231.53906,26231.53906,1822936100
2019/8/21,26160.53906,26318.13086,26075.91016,26270.03906,26270.03906,1701479200
2019/8/22,26272.91016,26288.24023,25977.66992,26048.7207,26048.7207,1780728400
2019/8/23,26057.88086,26241.2207,25940.43945,26179.33008,26179.33008,1621440900
2019/8/26,25322,25692.2793,25249.50977,25680.33008,25680.33008,2475604900
2019/8/27,25715.98047,25764.60938,25581.73047,25664.07031,25664.07031,2214167200
2019/8/28,25767.08008,25830.64063,25596.08008,25615.48047,25615.48047,1462114400
2019/8/29,25606.33008,25714.7793,25372.49023,25703.5,25703.5,1784869100
2019/8/30,26011.64063,26011.64063,25536.15039,25724.73047,25724.73047,2017892000
2019/9/2,25627.83008,25662.31055,25502.69922,25626.55078,25626.55078,1295066700
2019/9/3,25546.32031,25736.05078,25498.10938,25527.84961,25527.84961,1149210200
2019/9/4,25675.16016,26654.21094,25675.16016,26523.23047,26523.23047,2688524600
2019/9/5,26512.85938,26697.84961,26283.11914,26515.5293,26515.5293,1996619100
2019/9/6,26773.13086,26790.78906,26563.16992,26690.75977,26690.75977,1895344700
2019/9/9,26743.35938,26807.85938,26609.65039,26681.40039,26681.40039,1700948300
2019/9/10,26831.98047,26870.76953,26634.4707,26683.67969,26683.67969,1738020300
2019/9/11,26790.64063,27159.50977,26705.63086,27159.06055,27159.06055,2072246200
2019/9/12,27283.98047,27283.98047,26967.25,27087.63086,27087.63086,1337046900
2019/9/13,27154.50977,27366.44922,27074.53906,27352.68945,27352.68945,1176496300
2019/9/16,27212.89063,27212.89063,26976.30078,27124.55078,27124.55078,2189101500
2019/9/17,26942.96094,26951.83984,26694.36914,26790.24023,26790.24023,1850715100
2019/9/18,26838.42969,26891.16016,26730.63086,26754.11914,26754.11914,1372644100
2019/9/19,26820.73047,26820.73047,26372.08984,26468.94922,26468.94922,1330417000
2019/9/20,26532.88086,26564.35938,26410.41016,26435.66992,26435.66992,1972985800
2019/9/23,26463.61914,26483.0293,26186.00977,26222.40039,26222.40039,1285452900
2019/9/24,26300.21094,26391.98047,26207.26953,26281,26281,2089366000
2019/9/25,26162.71094,26190.56055,25917.67969,25945.34961,25945.34961,1762622300
2019/9/26,26075.15039,26099.64063,25917.58008,26041.92969,26041.92969,1700238600
2019/9/27,25977.98047,26017.46094,25840.66016,25954.81055,25954.81055,984279500
2019/9/30,25844.71094,26161.69922,25786.28906,26092.26953,26092.26953,1343934800
2019/10/2,25901.4707,26092.61914,25778.2207,26042.68945,26042.68945,1202153800
2019/10/3,25831.43945,26192.86914,25809.4707,26110.31055,26110.31055,1142351000
2019/10/4,26169.50977,26169.50977,25612.49023,25821.0293,25821.0293,1137243700
2019/10/8,25848.73047,26180.0293,25761.5,25893.40039,25893.40039,1779110400
2019/10/9,25736.88086,25866.83984,25656.66016,25682.81055,25682.81055,1588334500
2019/10/10,25625.57031,25809.58008,25521.94922,25707.92969,25707.92969,1434231600
2019/10/11,25986.82031,26393.00977,25976.07031,26308.43945,26308.43945,2030977900
2019/10/14,26520.92969,26636.92969,26386.41016,26521.84961,26521.84961,2096251800
2019/10/15,26609.13086,26609.13086,26433.42969,26503.92969,26503.92969,1569211500
2019/10/16,26553.90039,26698.56055,26432.42969,26664.2793,26664.2793,1689389100
2019/10/17,26809.03906,26956.82031,26729.50977,26848.49023,26848.49023,1403839300
2019/10/18,26910.55078,26985.08008,26650.13086,26719.58008,26719.58008,1541856100
2019/10/21,26715.2207,26818.43945,26658.32031,26725.67969,26725.67969,1045151500
2019/10/22,26813.81055,26844.28906,26698.30078,26786.19922,26786.19922,1496851400
2019/10/23,26771.98047,26818.99023,26491.71094,26566.73047,26566.73047,1270778600
2019/10/24,26651.0293,26810.42969,26592.17969,26797.94922,26797.94922,1496729000
2019/10/25,26795.64063,26795.64063,26621.17969,26667.39063,26667.39063,1151226200
2019/10/28,26770.10938,27005.67969,26762.69922,26891.25977,26891.25977,1476176200
2019/10/29,27027.56055,27027.56055,26729.06055,26786.75977,26786.75977,1515348700
2019/10/30,26766.98047,26809.5293,26602.94922,26667.71094,26667.71094,1554112000
2019/10/31,26708.44922,27009.5,26708.44922,26906.7207,26906.7207,1907594000
2019/11/1,26806.43945,27102.41992,26800.57031,27100.75977,27100.75977,1421451500
2019/11/4,27299.88086,27547.30078,27299.46094,27547.30078,27547.30078,1777502800
2019/11/5,27601.09961,27733.07031,27463.33008,27683.40039,27683.40039,1748633300
2019/11/6,27636.33008,27750.91016,27547.76953,27688.64063,27688.64063,1316670900
2019/11/7,27690.59961,27900.80078,27534.91016,27847.23047,27847.23047,1353594600
2019/11/8,27894.56055,27894.56055,27582.28906,27651.14063,27651.14063,1491797400
2019/11/11,27361.41016,27361.41016,26830.4707,26926.55078,26926.55078,1921659900
2019/11/12,27064.25977,27076.66992,26794.60938,27065.2793,27065.2793,1149626200
2019/11/13,26761.16016,26761.16016,26465.33008,26571.46094,26571.46094,1855002900
2019/11/14,26444.23047,26605.96094,26203.9707,26323.68945,26323.68945,1554697800
2019/11/15,26529.94922,26544.65039,26300.08008,26326.66016,26326.66016,1180282700
2019/11/18,26442.39063,26702.16016,26406.34961,26681.08984,26681.08984,1425323100
2019/11/19,26671.32031,27093.80078,26605.63086,27093.80078,27093.80078,1542578800
2019/11/20,26936.78906,26962.16992,26804.34961,26889.60938,26889.60938,1333243700
2019/11/21,26587.58984,26587.58984,26306.01953,26466.88086,26466.88086,1712162300
2019/11/22,26584.88086,26690.16992,26487.66992,26595.08008,26595.08008,1100431900
2019/11/25,26873.34961,27114.2207,26852.89063,26993.03906,26993.03906,1497175900
2019/11/26,27183.90039,27227.86914,26913.91992,26913.91992,26913.91992,2416392100
2019/11/27,26943.51953,26974.2793,26866.80078,26954,26954,1133748200
2019/11/28,26763.63086,26991.80078,26763.63086,26893.73047,26893.73047,998841900
2019/11/29,26705.38086,26705.38086,26308.09961,26346.49023,26346.49023,2004856800
2019/12/2,26475.33984,26511.55078,26393.08984,26444.7207,26444.7207,1348911800
2019/12/3,26315.9707,26424.11914,26063.01953,26391.30078,26391.30078,1795451800
2019/12/4,26071.39063,26191.78906,25995.15039,26062.56055,26062.56055,1502327900
2019/12/5,26300.50977,26300.50977,26134.06055,26217.03906,26217.03906,1228026600
2019/12/6,26345.19922,26520.08008,26309.33984,26498.36914,26498.36914,1644211100
2019/12/9,26513.9707,26618.25,26432.26953,26494.73047,26494.73047,1301819900
2019/12/10,26378.99023,26527.08984,26355.5293,26436.61914,26436.61914,956293300
2019/12/11,26410.08984,26659.98047,26364.42969,26645.42969,26645.42969,1409589200
2019/12/12,26837.93945,27048.98047,26837.93945,26994.14063,26994.14063,1451721900
2019/12/13,27494.50977,27687.75977,27405.25977,27687.75977,27687.75977,2212195500
2019/12/16,27530.5,27715.92969,27473.32031,27508.08984,27508.08984,1421412600
2019/12/17,27630.68945,27894.7207,27563.43945,27843.71094,27843.71094,1926224500
2019/12/18,27884.21094,27884.21094,27884.21094,27884.21094,27884.21094,0
2019/12/19,27908.7793,27908.7793,27675.24023,27800.49023,27800.49023,1296810200
2019/12/20,27834.55078,27959.51953,27740.66016,27871.34961,27871.34961,1680024400
2019/12/23,28024.61914,28024.61914,27830.08008,27906.41016,27906.41016,1216834000
2019/12/24,27901.50977,27921.28906,27792.66016,27864.21094,27864.21094,483984100
2019/12/27,28033.66016,28226.10938,28000.61914,28225.41992,28225.41992,1375016100
2019/12/30,28250.48047,28418.65039,28165.13086,28319.39063,28319.39063,1420447400
2019/12/31,28241.42969,28298.46094,28123.85938,28189.75,28189.75,873713900
2020/1/2,28249.36914,28543.51953,28245.9707,28543.51953,28543.51953,1262732800
2020/1/3,28828.35938,28883.30078,28428.16992,28451.5,28451.5,1797904800
2020/1/6,28326.5,28367.86914,28054.28906,28226.18945,28226.18945,1793426600
2020/1/7,28352.67969,28473.08008,28264.07031,28322.06055,28322.06055,1302687200
2020/1/8,27999.58008,28198.60938,27857.73047,28087.91992,28087.91992,1709241600
2020/1/9,28367.65039,28561,28325.85938,28561,28561,1692786200
2020/1/10,28665.14063,28665.14063,28504.26953,28638.19922,28638.19922,1448401000
2020/1/13,28772.36914,28971.40039,28671.83984,28954.93945,28954.93945,1765055700
2020/1/14,29149.5293,29149.5293,28790.49023,28885.14063,28885.14063,1643504700
2020/1/15,28891.07031,28972.67969,28619.09961,28773.58984,28773.58984,1240120700
2020/1/16,28806.11914,28987.73047,28709.57031,28883.03906,28883.03906,1620926200
2020/1/17,28988.16016,29101.15039,28813.13086,29056.41992,29056.41992,1545082800
2020/1/20,29169.11914,29174.91992,28795.41992,28795.91016,28795.91016,1633383900
2020/1/21,28449.38086,28492.0293,27980.5,27985.33008,27985.33008,2236521700
2020/1/22,28116.5,28393.92969,27937.67969,28341.03906,28341.03906,1343288100
2020/1/23,28109.75,28133.0293,27706.36914,27909.11914,27909.11914,1753263000
2020/1/24,27935.41992,27977.63086,27774.5,27949.64063,27949.64063,612128700
2020/1/29,27101.53906,27333.30078,27101.53906,27160.63086,27160.63086,2203836100
2020/1/30,27030.60938,27134.55078,26330.05078,26449.13086,26449.13086,2223567800
2020/1/31,26757.60938,26818.83984,26295.49023,26312.63086,26312.63086,1874255200
2020/2/3,26189.60938,26512.58008,26145.58984,26356.98047,26356.98047,2421482700
2020/2/4,26491.66016,26730.25977,26491.66016,26675.98047,26675.98047,2500238100
2020/2/5,26869.32031,26926.11914,26641.91992,26786.74023,26786.74023,2498930800
2020/2/6,27174.5293,27608.2207,27029.49023,27493.69922,27493.69922,2249533900
2020/2/7,27356.2793,27410.58008,27224.11914,27404.26953,27404.26953,1464514700
2020/2/10,27092.15039,27314.64063,27044.88086,27241.33984,27241.33984,1612017900
2020/2/11,27514.25,27674.81055,27436.99023,27583.88086,27583.88086,1868625400
2020/2/12,27717.2207,27892.48047,27614.83008,27823.66016,27823.66016,1796561200
2020/2/13,27953.65039,27953.65039,27695.59961,27730,27730,1617010200
2020/2/14,27698.56055,27960.66016,27695.58984,27815.59961,27815.59961,1445335900
2020/2/17,27766.71094,28055.58008,27766.71094,27959.59961,27959.59961,1412999200
2020/2/18,27766.5,27771.30078,27496.25,27530.19922,27530.19922,1592221400
2020/2/19,27486.46094,27697.46094,27448.59961,27655.81055,27655.81055,1471538100
2020/2/20,27767.2793,27767.2793,27383.13086,27609.16016,27609.16016,1582073100
2020/2/21,27450.46094,27484.5293,27264.7793,27308.81055,27308.81055,1773613400
2020/2/24,27105.34961,27105.34961,26813.2207,26820.88086,26820.88086,2044657000
2020/2/25,26722.39063,26914.05078,26667.03906,26893.23047,26893.23047,1924042900
2020/2/26,26696.49023,26696.49023,26696.49023,26696.49023,26696.49023,0
2020/2/27,26529.16992,26849.57031,26419.9707,26778.61914,26778.61914,2110369700
2020/2/28,26249.06055,26313.55078,25989.41016,26129.92969,26129.92969,3191426200
2020/3/2,26077.73047,26375.91016,26077.73047,26291.67969,26291.67969,2201535600
2020/3/3,26419.13086,26527.75,26233.39063,26284.82031,26284.82031,2136295000
2020/3/4,26321.56055,26372.48047,26038.39063,26222.07031,26222.07031,1957062400
2020/3/5,26348.16016,26805.58008,26315.35938,26767.86914,26767.86914,2522843200
2020/3/6,26397.7793,26408.80078,26084.23047,26146.66992,26146.66992,2646519300
2020/3/9,25134.01953,25321.2793,24948.38086,25040.46094,25040.46094,4677892400
2020/3/10,25285.67969,25578.60938,24978.9707,25392.50977,25392.50977,3225661100
2020/3/11,25459.96094,25493.23047,25140.38086,25231.60938,25231.60938,2627625600
2020/3/12,24657.66992,24657.66992,24117.93945,24309.07031,24309.07031,3748928400
2020/3/13,22519.32031,24184.48047,22519.32031,24032.91016,24032.91016,5495155700
2020/3/16,23317.81055,23631.5293,22842.25,23063.57031,23063.57031,4067029300
2020/3/17,23001.75977,23401.19922,22676.46094,23263.73047,23263.73047,3637973700
2020/3/18,23023.33984,23425.0293,22167.41992,22291.82031,22291.82031,4217153600
2020/3/19,22221.38086,22380.33984,21139.25977,21709.13086,21709.13086,5628397600
2020/3/20,22147.33984,22805.07031,22147.33984,22805.07031,22805.07031,4528187900
2020/3/23,21696.13086,21696.13086,21696.13086,21696.13086,21696.13086,0
2020/3/24,22497.57031,22753.00977,22383.25,22663.49023,22663.49023,3614066700
2020/3/25,23255.91016,23569.44922,23062.23047,23527.18945,23527.18945,3605374900
2020/3/26,23604.83008,23604.83008,23163.66992,23352.33984,23352.33984,2519508100
2020/3/27,23768.41016,23791.19922,23354.00977,23484.2793,23484.2793,2199674300
2020/3/30,23020.84961,23491.50977,22973.33008,23175.10938,23175.10938,2553435900
2020/3/31,23613.26953,23627.5293,23238.03906,23603.48047,23603.48047,2876326600
2020/4/1,23365.90039,23540.00977,22947.64063,23085.78906,23085.78906,2879977600
